{"cameraMode":{"drawMode":0,"name":"Shaded","section":"Shading Mode"},"sceneLighting":true,"audioPlay":false,"sceneViewState":{"showFog":false,"showMaterialUpdate":false,"showSkybox":false,"showFlares":false,"showImageEffects":false,"showParticleSystems":true},"in2DMode":false,"pivot":{"x":1.3787574768066407,"y":4.80518913269043,"z":-14.119148254394532},"rotation":{"x":-0.028768174350261689,"y":0.9636058211326599,"z":-0.23919343948364259,"w":-0.11589662730693817},"size":55.965789794921878,"orthographic":false}